,bib,id,name,q_rank,q_speed,q_split1,q_split2,q_split3,q_split4,q_split5,q_start,q_start_rev,q_status,uci,q_points,r_points,rank,speed,split1,split2,split3,split4,split5,start,start_rev,status,points,qr_diff,q_split1_rank,q_split1_vs_best,q_split1_vs_winner,q_split2_rank,q_split2_vs_best,q_split2_vs_winner,q_split2_sector,q_split2_sector_rank,q_split2_sector_vs_best,q_split2_sector_vs_winner,q_split3_rank,q_split3_vs_best,q_split3_vs_winner,q_split3_sector,q_split3_sector_rank,q_split3_sector_vs_best,q_split3_sector_vs_winner,q_split4_rank,q_split4_vs_best,q_split4_vs_winner,q_split4_sector,q_split4_sector_rank,q_split4_sector_vs_best,q_split4_sector_vs_winner,q_split5_rank,q_split5_vs_best,q_split5_vs_winner,q_split5_sector,q_split5_sector_rank,q_split5_sector_vs_best,q_split5_sector_vs_winner,split1_rank,split1_vs_best,split1_vs_winner,split2_rank,split2_vs_best,split2_vs_winner,split2_sector,split2_sector_rank,split2_sector_vs_best,split2_sector_vs_winner,split3_rank,split3_vs_best,split3_vs_winner,split3_sector,split3_sector_rank,split3_sector_vs_best,split3_sector_vs_winner,split4_rank,split4_vs_best,split4_vs_winner,split4_sector,split4_sector_rank,split4_sector_vs_best,split4_sector_vs_winner,split5_rank,split5_vs_best,split5_vs_winner,split5_sector,split5_sector_rank,split5_sector_vs_best,split5_sector_vs_winner,speed_ms,speed_ms_vs_best,speed_rank,q_speed_rank,BirthDate,CategoryCode,FamilyName,GivenName,Id,Nation,Outfit,PrintName,Protected,RaceId,RaceNr,ScoreboardName,StartOrder,StartTime,UciCode,UciRank,UciRiderId,UciTeamCode,UciTeamId,UciTeamName,WorldCupRank,Age
0,2,2002,ATHERTON Rachel,16,49.86,74.58,116.942,160.266,212.906,249.889,2,40,Finished,10003434487,,200.0,1.0,36.98,51.093,92.842,135.011,186.012,221.141,10.0,8.0,Finished,200.0,-28.74800000000002,37.0,22.123999999999995,0.0,31.0,19.11099999999999,0.0,42.361999999999995,1.0,0.0,0.0,30.0,20.539999999999992,0.0,43.324,3.0,1.429000000000002,0.0,18.0,21.164999999999992,0.0,52.640000000000015,3.0,1.0430000000000064,0.0,16.0,22.661,0.0,36.983000000000004,5.0,1.4960000000000093,0.0,1.0,0.0,0.0,1.0,0.0,0.0,41.748999999999995,2.0,0.49199999999999733,0.0,1.0,0.0,0.0,42.169,1.0,0.0,0.0,2.0,0.5030000000000143,0.0,51.001000000000005,2.0,1.004000000000019,0.0,1.0,0.0,0.0,35.12899999999999,2.0,0.7150000000000034,0.0,10.272222222222222,0.7222222222222214,10.0,3.0,1987-12-06T00:00:00,WE,ATHERTON,Rachel,1197024565271777,GBR,NCh,ATHERTON Rachel,False,0,2,ATHERTON R,2,48630000,GBR19871206,5,10003434487,TDH,1598,TREK FACTORY RACING DH,2,30
1,1,2001,NICOLE Myriam,5,50.49,52.456,103.344,146.517,202.422,238.608,1,41,Finished,10004535237,20.0,160.0,2.0,36.18,51.993,93.25,135.512,185.509,221.779,13.0,5.0,Finished,180.0,-16.829000000000008,1.0,0.0,-22.123999999999995,8.0,5.512999999999991,-13.597999999999999,50.88799999999999,32.0,8.525999999999996,8.525999999999996,5.0,6.790999999999997,-13.748999999999995,43.173,2.0,1.2780000000000058,-0.15099999999999625,7.0,10.680999999999983,-10.484000000000009,55.905,14.0,4.307999999999993,3.2649999999999864,5.0,11.379999999999995,-11.281000000000006,36.18600000000001,3.0,0.6990000000000123,-0.796999999999997,2.0,0.8999999999999986,0.8999999999999986,2.0,0.40800000000000125,0.40800000000000125,41.257,1.0,0.0,-0.49199999999999733,2.0,0.5010000000000048,0.5010000000000048,42.262,2.0,0.09300000000000352,0.09300000000000352,1.0,0.0,-0.5030000000000143,49.996999999999986,1.0,0.0,-1.004000000000019,2.0,0.6380000000000052,0.6380000000000052,36.27000000000001,4.0,1.856000000000023,1.1410000000000196,10.05,0.9444444444444429,12.0,2.0,1990-02-08T00:00:00,WE,NICOLE,Myriam,1197024565271776,FRA,WCL,NICOLE Myriam,False,0,1,NICOLE M,1,48600000,FRA19900208,1,10004535237,CVN,1590,COMMENCAL / VALLNORD,1,28
2,6,2006,HANNAH Tracey,2,50.98,55.436,99.536,143.504,195.101,230.608,5,37,Finished,10003732258,40.0,140.0,3.0,35.5,52.512,94.542,137.55,190.704,225.118,16.0,2.0,Finished,180.0,-5.490000000000009,3.0,2.979999999999997,-19.144,2.0,1.7049999999999983,-17.40599999999999,44.1,5.0,1.7380000000000067,1.7380000000000067,2.0,3.7779999999999916,-16.762,43.96799999999999,5.0,2.0729999999999933,0.6439999999999912,2.0,3.359999999999985,-17.805000000000007,51.59700000000001,1.0,0.0,-1.0430000000000064,2.0,3.3799999999999955,-19.281000000000006,35.507000000000005,2.0,0.020000000000010232,-1.475999999999999,3.0,1.418999999999997,1.418999999999997,3.0,1.7000000000000028,1.7000000000000028,42.03,3.0,0.7730000000000032,0.2810000000000059,3.0,2.5390000000000157,2.5390000000000157,43.00800000000001,4.0,0.8390000000000128,0.8390000000000128,3.0,5.195000000000022,4.692000000000007,53.153999999999996,6.0,3.1570000000000107,2.1529999999999916,3.0,3.977000000000004,3.977000000000004,34.41399999999999,1.0,0.0,-0.7150000000000034,9.86111111111111,1.1333333333333329,13.0,1.0,1988-06-13T00:00:00,WE,HANNAH,Tracey,1197024565271780,AUS,NCh,HANNAH Tracey,False,0,6,HANNAH T,5,48720000,AUS19880613,3,10003732258,URT,1608,POLYGON UR,6,30
3,9,2009,HRASTNIK Monika,4,49.48,56.999,100.942,144.646,198.395,235.39,8,34,Finished,10017602955,25.0,125.0,4.0,36.99,55.303,99.647,142.596,194.214,229.597,14.0,4.0,Finished,150.0,-5.792999999999978,5.0,4.542999999999999,-17.580999999999996,4.0,3.11099999999999,-16.0,43.94299999999999,2.0,1.580999999999996,1.580999999999996,4.0,4.9199999999999875,-15.620000000000005,43.70399999999999,4.0,1.8089999999999975,0.37999999999999545,4.0,6.653999999999996,-14.510999999999996,53.749000000000024,5.0,2.1520000000000152,1.1090000000000089,4.0,8.161999999999978,-14.499000000000024,36.994999999999976,6.0,1.5079999999999814,0.011999999999972033,6.0,4.209999999999994,4.209999999999994,5.0,6.805000000000007,6.805000000000007,44.34400000000001,7.0,3.0870000000000104,2.595000000000013,4.0,7.585000000000008,7.585000000000008,42.949,3.0,0.7800000000000011,0.7800000000000011,4.0,8.705000000000013,8.201999999999998,51.617999999999995,3.0,1.6210000000000093,0.6169999999999902,4.0,8.456000000000017,8.456000000000017,35.38300000000001,3.0,0.9690000000000225,0.2540000000000191,10.275,0.7194444444444432,9.0,5.0,1994-06-07T00:00:00,WE,HRASTNIK,Monika,1197024565271783,SLO,CCh,HRASTNIK Monika,False,0,9,HRASTNIK M,8,48810000,SLO19940607,7,10017602955,,0,,9,24
4,7,2007,SIEGENTHALER Emilie,3,49.48,55.776,99.845,144.556,197.387,235.296,6,36,Finished,10004167243,30.0,110.0,5.0,37.9,54.994,98.833,143.45,195.311,232.78,15.0,3.0,Finished,140.0,-2.515999999999991,4.0,3.3200000000000003,-18.803999999999995,3.0,2.013999999999996,-17.096999999999994,44.068999999999996,4.0,1.7070000000000007,1.7070000000000007,3.0,4.8300000000000125,-15.70999999999998,44.71100000000001,9.0,2.8160000000000167,1.3870000000000147,3.0,5.645999999999987,-15.519000000000005,52.83099999999999,4.0,1.2339999999999804,0.19099999999997408,3.0,8.067999999999984,-14.593000000000018,37.90899999999999,10.0,2.421999999999997,0.9259999999999877,5.0,3.9009999999999962,3.9009999999999962,4.0,5.991,5.991,43.839,4.0,2.5820000000000007,2.0900000000000034,5.0,8.438999999999993,8.438999999999993,44.61699999999999,9.0,2.4479999999999933,2.4479999999999933,5.0,9.802000000000021,9.299000000000007,51.86100000000002,4.0,1.8640000000000327,0.8600000000000136,5.0,11.63900000000001,11.63900000000001,37.468999999999994,9.0,3.055000000000007,2.3400000000000034,10.527777777777779,0.466666666666665,5.0,5.0,1986-09-19T00:00:00,WE,SIEGENTHALER,Emilie,1197024565271781,SUI,,SIEGENTHALER Emilie,False,0,7,SIEGENTHALER,6,48750000,SUI19860919,6,10004167243,PFR,1864,PIVOT FACTORY RACING,7,31
5,14,2014,A'HERN Sian,6,48.96,59.172,104.432,148.6,202.361,240.61,13,29,Finished,10010802043,16.0,95.0,6.0,38.24,56.584,101.212,145.064,197.991,234.589,8.0,10.0,Finished,111.0,-6.021000000000015,13.0,6.715999999999994,-15.408000000000001,10.0,6.600999999999999,-12.509999999999991,45.260000000000005,7.0,2.8980000000000103,2.8980000000000103,9.0,8.873999999999995,-11.665999999999997,44.16799999999999,7.0,2.272999999999996,0.8439999999999941,6.0,10.619999999999976,-10.545000000000016,53.760999999999996,6.0,2.1639999999999873,1.120999999999981,6.0,13.382000000000005,-9.278999999999996,38.249000000000024,13.0,2.762000000000029,1.2660000000000196,9.0,5.491,5.491,8.0,8.370000000000005,8.370000000000005,44.628,9.0,3.371000000000002,2.879000000000005,7.0,10.052999999999997,10.052999999999997,43.85199999999999,8.0,1.6829999999999927,1.6829999999999927,7.0,12.482000000000028,11.979000000000013,52.92700000000002,5.0,2.9300000000000352,1.9260000000000161,6.0,13.448000000000008,13.448000000000008,36.597999999999985,5.0,2.1839999999999975,1.468999999999994,10.622222222222224,0.37222222222222,4.0,6.0,1998-08-02T00:00:00,WE,A'HERN,Sian,1197024565271788,AUS,,A'HERN Sian,False,0,14,A'HERN S,13,48960000,AUS19980802,28,10010802043,,0,,14,19
6,8,2008,CURD Katy,9,47.34,57.648,103.342,147.713,202.153,240.993,7,35,Finished,10006044292,10.0,80.0,7.0,38.84,55.653,100.184,143.485,197.396,236.154,11.0,7.0,Finished,90.0,-4.838999999999999,7.0,5.192,-16.931999999999995,7.0,5.510999999999996,-13.599999999999994,45.693999999999996,12.0,3.3320000000000007,3.3320000000000007,6.0,7.986999999999995,-12.552999999999997,44.370999999999995,8.0,2.475999999999999,1.046999999999997,5.0,10.411999999999978,-10.753000000000014,54.44,9.0,2.8429999999999893,1.799999999999983,9.0,13.764999999999986,-8.896000000000015,38.84,16.0,3.3530000000000086,1.8569999999999993,7.0,4.559999999999995,4.559999999999995,6.0,7.341999999999999,7.341999999999999,44.531,8.0,3.274000000000001,2.7820000000000036,6.0,8.474000000000018,8.474000000000018,43.301000000000016,6.0,1.1320000000000192,1.1320000000000192,6.0,11.887,11.383999999999986,53.91099999999997,7.0,3.9139999999999873,2.909999999999968,7.0,15.013000000000005,15.013000000000005,38.75800000000001,13.0,4.3440000000000225,3.629000000000019,10.78888888888889,0.20555555555555394,2.0,10.0,1989-04-27T00:00:00,WE,CURD,Katy,1197024565271782,GBR,,CURD Katy,False,0,8,CURD K,7,48780000,GBR19890427,30,10006044292,,0,,8,29
7,12,2012,WIDMANN Veronika,7,48.0,58.201,102.543,148.101,203.288,240.682,11,31,Finished,10007423312,14.0,70.0,8.0,37.39,56.446,100.356,145.657,200.892,237.631,7.0,11.0,Finished,84.0,-3.0509999999999877,8.0,5.744999999999997,-16.378999999999998,5.0,4.712000000000003,-14.398999999999987,44.342000000000006,6.0,1.980000000000011,1.980000000000011,7.0,8.375,-12.164999999999992,45.55799999999999,17.0,3.6629999999999967,2.2339999999999947,8.0,11.546999999999997,-9.617999999999995,55.18700000000001,11.0,3.5900000000000034,2.546999999999997,7.0,13.45399999999998,-9.207000000000022,37.39399999999998,7.0,1.9069999999999823,0.41099999999997294,8.0,5.352999999999994,5.352999999999994,7.0,7.513999999999996,7.513999999999996,43.91,5.0,2.6529999999999987,2.1610000000000014,9.0,10.646000000000015,10.646000000000015,45.301000000000016,14.0,3.132000000000019,3.132000000000019,8.0,15.38300000000001,14.879999999999995,55.234999999999985,12.0,5.2379999999999995,4.2339999999999804,8.0,16.49000000000001,16.49000000000001,36.739000000000004,6.0,2.325000000000017,1.6100000000000136,10.386111111111111,0.6083333333333325,8.0,7.0,1993-03-08T00:00:00,WE,WIDMANN,Veronika,1197024565271786,ITA,,WIDMANN Veronika,False,0,12,WIDMANN V,11,48900000,ITA19930308,15,10007423312,FSF,2238,FS FUNN,12,25
8,11,2011,CAPPELLARI Carina,12,47.49,60.615,105.902,150.903,205.288,243.069,10,32,Finished,10006911535,,60.0,9.0,37.78,57.129,102.445,147.406,201.415,238.208,4.0,14.0,Finished,60.0,-4.86099999999999,17.0,8.158999999999999,-13.964999999999996,13.0,8.070999999999998,-11.039999999999992,45.287,8.0,2.9250000000000043,2.9250000000000043,13.0,11.176999999999992,-9.363,45.00099999999999,11.0,3.1059999999999945,1.6769999999999925,12.0,13.546999999999997,-7.617999999999995,54.38500000000002,8.0,2.788000000000011,1.7450000000000045,12.0,15.84099999999998,-6.820000000000022,37.78099999999998,9.0,2.2939999999999827,0.7979999999999734,11.0,6.035999999999994,6.035999999999994,10.0,9.602999999999994,9.602999999999994,45.315999999999995,13.0,4.0589999999999975,3.567,12.0,12.39500000000001,12.39500000000001,44.96100000000001,12.0,2.792000000000016,2.792000000000016,10.0,15.906000000000006,15.402999999999992,54.008999999999986,8.0,4.0120000000000005,3.0079999999999814,9.0,17.067000000000007,17.067000000000007,36.793000000000006,7.0,2.379000000000019,1.6640000000000157,10.494444444444445,0.4999999999999982,6.0,8.0,1991-11-06T00:00:00,WE,CAPPELLARI,Carina,1197024565271785,SUI,NCh,CAPPELLARI Carina,False,0,11,CAPPELLARI C,10,48870000,SUI19911106,10,10006911535,MNR,2039,HIAG DATA - NS-BIKES FACTORY RACING,11,26
9,29,2029,BARTOVA Jana,13,49.74,60.285,105.943,149.974,206.923,245.715,27,15,Finished,10007709763,,55.0,10.0,38.79,56.907,101.551,145.074,201.15,239.904,3.0,15.0,Finished,55.0,-5.811000000000007,15.0,7.8289999999999935,-14.295000000000002,14.0,8.111999999999995,-10.998999999999995,45.658,11.0,3.2960000000000065,3.2960000000000065,11.0,10.24799999999999,-10.292000000000002,44.03099999999999,6.0,2.1359999999999957,0.7069999999999936,13.0,15.181999999999988,-5.983000000000004,56.94900000000001,17.0,5.352000000000004,4.3089999999999975,13.0,18.486999999999995,-4.174000000000007,38.792,15.0,3.305000000000007,1.8089999999999975,10.0,5.813999999999993,5.813999999999993,9.0,8.709000000000003,8.709000000000003,44.644000000000005,10.0,3.3870000000000076,2.8950000000000102,8.0,10.063000000000017,10.063000000000017,43.52300000000001,7.0,1.3540000000000134,1.3540000000000134,9.0,15.64100000000002,15.138000000000005,56.07599999999999,13.0,6.079000000000008,5.074999999999989,10.0,18.763000000000005,18.763000000000005,38.75399999999999,12.0,4.340000000000003,3.625,10.775,0.21944444444444322,3.0,4.0,1990-02-17T00:00:00,WE,BARTOVA,Jana,1197024565271802,CZE,NCh,BARTOVA Jana,False,0,29,BARTOVA J,27,49380000,CZE19900217,54,10007709763,,0,,0,28
10,4,2004,CABIROU Marine,39,0.0,,,,,,4,38,DNF,10009563069,,45.0,11.0,0.0,58.361,104.181,147.22,201.998,240.655,9.0,9.0,Finished,45.0,,,,,,,,,,,,,,,,,,,,,,,,,,,,,,,,,13.0,7.267999999999994,7.267999999999994,12.0,11.338999999999999,11.338999999999999,45.82,14.0,4.563000000000002,4.071000000000005,10.0,12.209000000000003,12.209000000000003,43.039,5.0,0.8700000000000045,0.8700000000000045,11.0,16.489000000000004,15.98599999999999,54.77799999999999,10.0,4.781000000000006,3.776999999999987,11.0,19.51400000000001,19.51400000000001,38.65700000000001,11.0,4.243000000000023,3.52800000000002,0.0,10.994444444444444,14.0,13.0,1997-03-12T00:00:00,WE,CABIROU,Marine,1197024565271779,FRA,,CABIROU Marine,False,0,4,CABIROU M,4,48690000,FRA19970312,4,10009563069,VVR,2096,VOULVOUL RACING,4,21
11,10,2010,SALAZAR Mariana,8,46.71,57.621,103.15,148.447,204.071,240.985,9,33,Finished,10007687838,12.0,35.0,12.0,36.91,54.735,104.797,149.821,206.705,243.56,12.0,6.0,Finished,47.0,2.5749999999999886,6.0,5.164999999999999,-16.958999999999996,6.0,5.319000000000003,-13.791999999999987,45.529,9.0,3.1670000000000087,3.1670000000000087,8.0,8.721000000000004,-11.818999999999988,45.297,13.0,3.402000000000001,1.972999999999999,10.0,12.329999999999984,-8.835000000000008,55.623999999999995,13.0,4.026999999999987,2.9839999999999804,8.0,13.757000000000005,-8.903999999999996,36.914000000000016,4.0,1.427000000000021,-0.0689999999999884,4.0,3.641999999999996,3.641999999999996,13.0,11.954999999999998,11.954999999999998,50.062,15.0,8.805,8.313000000000002,13.0,14.810000000000002,14.810000000000002,45.024,13.0,2.855000000000004,2.855000000000004,12.0,21.196000000000026,20.693000000000012,56.884000000000015,14.0,6.887000000000029,5.88300000000001,12.0,22.41900000000001,22.41900000000001,36.85499999999999,8.0,2.4410000000000025,1.725999999999999,10.252777777777776,0.7416666666666671,11.0,11.0,1994-05-06T00:00:00,WE,SALAZAR,Mariana,1197024565271784,ESA,,SALAZAR Mariana,False,0,10,SALAZAR M,9,48840000,ESA19940506,23,10007687838,DOR,1867,DORVAL AM,10,24
12,37,2037,BALANCHE Camille,15,47.38,60.844,108.565,154.175,211.22,249.466,35,7,Finished,10016567984,,25.0,13.0,38.24,57.276,102.568,147.244,210.89,250.047,1.0,17.0,Finished,25.0,0.5809999999999889,18.0,8.387999999999998,-13.735999999999997,18.0,10.733999999999995,-8.376999999999995,47.721,17.0,5.359000000000002,5.359000000000002,16.0,14.449000000000012,-6.09099999999998,45.610000000000014,18.0,3.7150000000000176,2.2860000000000156,16.0,19.478999999999985,-1.686000000000007,57.04499999999999,18.0,5.447999999999979,4.404999999999973,15.0,22.238,-0.4230000000000018,38.24600000000001,12.0,2.7590000000000146,1.2630000000000052,12.0,6.183,6.183,11.0,9.725999999999999,9.725999999999999,45.291999999999994,12.0,4.034999999999997,3.5429999999999993,11.0,12.233000000000004,12.233000000000004,44.676,10.0,2.507000000000005,2.507000000000005,13.0,25.381,24.877999999999986,63.64599999999999,15.0,13.649000000000001,12.644999999999982,13.0,28.906000000000006,28.906000000000006,39.15700000000001,15.0,4.743000000000023,4.02800000000002,10.622222222222224,0.37222222222222,4.0,9.0,1990-03-01T00:00:00,WE,BALANCHE,Camille,1197024565271810,SUI,,BALANCHE Camille,False,0,37,BALANCHE C,35,49620000,SUI19900301,108,10016567984,,0,,0,28
13,15,2015,RUBESAM Sandra,14,44.45,58.903,105.097,152.644,208.205,247.794,14,28,Finished,10052523258,,15.0,14.0,39.58,75.198,119.256,165.139,219.952,258.827,2.0,16.0,Finished,15.0,11.032999999999987,11.0,6.446999999999996,-15.677,12.0,7.265999999999991,-11.844999999999999,46.193999999999996,14.0,3.8320000000000007,3.8320000000000007,14.0,12.918000000000006,-7.621999999999986,47.54700000000001,29.0,5.652000000000015,4.223000000000013,14.0,16.464,-4.700999999999993,55.56100000000001,12.0,3.9639999999999986,2.9209999999999923,14.0,20.566000000000003,-2.094999999999999,39.589,20.0,4.102000000000004,2.6059999999999945,14.0,24.10499999999999,24.10499999999999,14.0,26.414,26.414,44.05800000000001,6.0,2.801000000000009,2.3090000000000117,14.0,30.128000000000014,30.128000000000014,45.88300000000001,15.0,3.714000000000013,3.714000000000013,14.0,34.44300000000001,33.94,54.81299999999999,11.0,4.8160000000000025,3.8119999999999834,14.0,37.68600000000001,37.68600000000001,38.875,14.0,4.461000000000013,3.7460000000000093,10.994444444444444,0.0,1.0,12.0,1988-02-10T00:00:00,WE,RUBESAM,Sandra,1197024565271789,GER,,RUBESAM Sandra,False,0,15,RUBESAM S,14,48990000,GER19880210,21,10052523258,,0,,15,30
14,19,2019,HOFFMANN Nina Charlott,10,47.34,58.771,104.343,150.121,204.686,242.111,17,25,Finished,10015887065,5.0,5.0,15.0,37.42,76.764,121.498,166.436,220.964,259.262,6.0,12.0,Finished,10.0,17.15100000000001,10.0,6.314999999999998,-15.808999999999997,9.0,6.5120000000000005,-12.59899999999999,45.572,10.0,3.210000000000008,3.210000000000008,12.0,10.39500000000001,-10.144999999999982,45.778000000000006,20.0,3.8830000000000098,2.4540000000000077,11.0,12.944999999999993,-8.219999999999999,54.565,10.0,2.9679999999999893,1.924999999999983,10.0,14.882999999999981,-7.77800000000002,37.42499999999998,8.0,1.9379999999999882,0.44199999999997885,15.0,25.670999999999992,25.670999999999992,15.0,28.656000000000006,28.656000000000006,44.73400000000001,11.0,3.477000000000011,2.9850000000000136,15.0,31.42500000000001,31.42500000000001,44.938,11.0,2.7690000000000055,2.7690000000000055,15.0,35.45500000000001,34.952,54.52799999999999,9.0,4.531000000000006,3.526999999999987,15.0,38.12100000000001,38.12100000000001,38.298,10.0,3.8840000000000146,3.169000000000011,10.394444444444446,0.5999999999999979,7.0,10.0,1996-08-02T00:00:00,WE,HOFFMANN,Nina Charlott,1197024565271792,GER,,HOFFMANN Nina Charlott,False,0,19,HOFFMANN N,17,49080000,GER19960802,26,10015887065,,0,,0,21
15,3,2003,SEAGRAVE Tahnee,1,,53.771,97.831,139.726,191.741,227.228,3,39,Finished,10007414016,50.0,,,,,,,,,,,,50.0,,2.0,1.3149999999999977,-20.808999999999997,1.0,0.0,-19.11099999999999,44.06,3.0,1.6980000000000075,1.6980000000000075,1.0,0.0,-20.539999999999992,41.894999999999996,1.0,0.0,-1.429000000000002,1.0,0.0,-21.164999999999992,52.015000000000015,2.0,0.41800000000000637,-0.625,1.0,0.0,-22.661,35.486999999999995,1.0,0.0,-1.4960000000000093,,,,,,,,,,,,,,,,,,,,,,,,,,,,,,,,,,,,1995-06-15T00:00:00,WE,SEAGRAVE,Tahnee,1197024565271778,GBR,,SEAGRAVE Tahnee,False,0,3,SEAGRAVE T,3,48660000,GBR19950615,2,10007414016,FMD,1863,TRANSITION BIKES / MUC-OFF FACTORY RACING,3,23
16,43,2043,GEHRIG Carolin,11,,58.763,104.843,149.718,203.947,242.63,41,1,Finished,10006989842,,,,,,,,,,,,,0.0,,9.0,6.306999999999995,-15.817,11.0,7.0120000000000005,-12.09899999999999,46.080000000000005,13.0,3.7180000000000106,3.7180000000000106,10.0,9.99199999999999,-10.548000000000002,44.874999999999986,10.0,2.9799999999999898,1.5509999999999877,9.0,12.205999999999989,-8.959000000000003,54.22900000000001,7.0,2.632000000000005,1.5889999999999986,11.0,15.401999999999987,-7.2590000000000146,38.68299999999999,14.0,3.195999999999998,1.6999999999999886,,,,,,,,,,,,,,,,,,,,,,,,,,,,,,,,,,,,1987-07-09T00:00:00,WE,GEHRIG,Carolin,1197024565271816,SUI,N,GEHRIG Carolin,False,0,43,GEHRIG C,41,49800000,SUI19870709,0,10006989842,,0,,0,30
17,26,2026,HUBSCHER Janine,17,,60.935,108.132,154.855,211.147,250.435,24,18,Finished,10059628813,,,,,,,,,,,,,0.0,,19.0,8.479,-13.644999999999996,16.0,10.301000000000002,-8.809999999999988,47.197,16.0,4.835000000000008,4.835000000000008,17.0,15.12899999999999,-5.411000000000001,46.722999999999985,25.0,4.827999999999989,3.3989999999999867,15.0,19.405999999999977,-1.7590000000000146,56.292,16.0,4.694999999999993,3.651999999999987,17.0,23.206999999999994,0.5459999999999923,39.28800000000001,19.0,3.801000000000016,2.305000000000007,,,,,,,,,,,,,,,,,,,,,,,,,,,,,,,,,,,,1996-11-15T00:00:00,WE,HUBSCHER,Janine,1197024565271799,SUI,,HUBSCHER Janine,False,0,26,HUBSCHER J,24,49290000,SUI19961115,47,10059628813,,0,,0,21
18,21,2021,DELEST Agnes,18,,60.948,107.403,155.571,211.734,252.159,19,23,Finished,10006981455,,,,,,,,,,,,,0.0,,20.0,8.491999999999997,-13.631999999999998,15.0,9.572000000000003,-9.538999999999987,46.455000000000005,15.0,4.093000000000011,4.093000000000011,19.0,15.844999999999999,-4.694999999999993,48.16799999999999,32.0,6.272999999999996,4.843999999999994,17.0,19.992999999999995,-1.171999999999997,56.16300000000001,15.0,4.5660000000000025,3.522999999999996,18.0,24.930999999999983,2.269999999999982,40.42499999999998,25.0,4.937999999999988,3.441999999999979,,,,,,,,,,,,,,,,,,,,,,,,,,,,,,,,,,,,1993-11-12T00:00:00,WE,DELEST,Agnes,1197024565271794,FRA,,DELEST Agnes,False,0,21,DELEST A,19,49140000,FRA19931112,31,10006981455,,0,,0,24
19,13,2013,MILLER Miranda,19,,59.053,108.356,153.751,213.054,252.788,12,30,Finished,10005872726,,,,,,,,,,,,,0.0,,12.0,6.596999999999994,-15.527000000000001,17.0,10.524999999999991,-8.585999999999999,49.303,23.0,6.9410000000000025,6.9410000000000025,15.0,14.025000000000006,-6.514999999999986,45.39500000000001,15.0,3.500000000000014,2.071000000000012,19.0,21.312999999999988,0.14799999999999613,59.303,27.0,7.705999999999989,6.6629999999999825,19.0,25.560000000000002,2.899000000000001,39.73400000000001,22.0,4.247000000000014,2.7510000000000048,,,,,,,,,,,,,,,,,,,,,,,,,,,,,,,,,,,,1990-03-02T00:00:00,WE,MILLER,Miranda,1197024565271787,CAN,WCh,MILLER Miranda,False,0,13,MILLER M,12,48930000,CAN19900302,9,10005872726,SGR,1667,SPECIALIZED GRAVITY,13,28
20,25,2025,MOLLOY Tegan,20,,63.246,111.549,156.748,216.372,254.473,23,19,Finished,10008826980,,,,,,,,,,,,,0.0,,28.0,10.79,-11.333999999999996,24.0,13.718000000000004,-5.3929999999999865,48.303000000000004,19.0,5.94100000000001,5.94100000000001,22.0,17.02199999999999,-3.5180000000000007,45.198999999999984,12.0,3.303999999999988,1.8749999999999858,22.0,24.631,3.466000000000008,59.624000000000024,28.0,8.027000000000015,6.984000000000009,20.0,27.245000000000005,4.584000000000003,38.101,11.0,2.6140000000000043,1.117999999999995,,,,,,,,,,,,,,,,,,,,,,,,,,,,,,,,,,,,1996-01-18T00:00:00,WE,MOLLOY,Tegan,1197024565271798,AUS,,MOLLOY Tegan,False,0,25,MOLLOY T,23,49260000,AUS19960118,42,10008826980,KON,1012,KONA FACTORY TEAM,0,22
21,33,2033,SCHWEMMER Kim,21,,61.09,108.834,156.275,214.251,254.692,31,11,Finished,10007401686,,,,,,,,,,,,,0.0,,22.0,8.634,-13.489999999999995,20.0,11.003,-8.10799999999999,47.744,18.0,5.382000000000005,5.382000000000005,21.0,16.549000000000007,-3.9909999999999854,47.441,28.0,5.5460000000000065,4.117000000000004,21.0,22.50999999999999,1.3449999999999989,57.976,19.0,6.378999999999991,5.335999999999984,21.0,27.464,4.802999999999997,40.441,26.0,4.954000000000008,3.4579999999999984,,,,,,,,,,,,,,,,,,,,,,,,,,,,,,,,,,,,1993-08-01T00:00:00,WE,SCHWEMMER,Kim,1197024565271806,GER,,SCHWEMMER Kim,False,0,33,SCHWEMMER K,31,49500000,GER19930801,86,10007401686,,0,,0,24
22,36,2036,MISSIAGGIA Alessia,22,,61.185,109.847,155.199,214.209,254.884,34,8,Finished,10011213786,,,,,,,,,,,,,0.0,,24.0,8.729,-13.394999999999996,21.0,12.015999999999991,-7.094999999999999,48.66199999999999,21.0,6.299999999999997,6.299999999999997,18.0,15.473000000000013,-5.066999999999979,45.35200000000002,14.0,3.457000000000022,2.02800000000002,20.0,22.46799999999999,1.3029999999999973,59.00999999999999,25.0,7.4129999999999825,6.369999999999976,22.0,27.655999999999977,4.994999999999976,40.67499999999998,29.0,5.187999999999988,3.691999999999979,,,,,,,,,,,,,,,,,,,,,,,,,,,,,,,,,,,,1999-01-29T00:00:00,WE,MISSIAGGIA,Alessia,1197024565271809,ITA,,MISSIAGGIA Alessia,False,0,36,MISSIAGGIA A,34,49590000,ITA19990129,105,10011213786,,0,,0,19
23,30,2030,WECHSELBERGER Simone,23,,63.055,112.358,157.846,216.908,256.77,28,14,Finished,10010670384,,,,,,,,,,,,,0.0,,27.0,10.598999999999997,-11.524999999999999,26.0,14.527000000000001,-4.583999999999989,49.303000000000004,24.0,6.94100000000001,6.94100000000001,25.0,18.120000000000005,-2.4199999999999875,45.488,16.0,3.5930000000000035,2.1640000000000015,23.0,25.166999999999973,4.001999999999981,59.06199999999998,26.0,7.464999999999975,6.421999999999969,23.0,29.541999999999973,6.880999999999972,39.861999999999995,24.0,4.375,2.8789999999999907,,,,,,,,,,,,,,,,,,,,,,,,,,,,,,,,,,,,1991-06-07T00:00:00,WE,WECHSELBERGER,Simone,1197024565271803,AUT,,WECHSELBERGER Simone,False,0,30,WECHSELBERGE,28,49410000,AUT19910607,56,10010670384,,0,,0,27
24,31,2031,HOGIE Abigail,24,,63.975,113.028,158.985,217.207,256.855,29,13,Finished,10054388890,,,,,,,,,,,,,0.0,,30.0,11.518999999999998,-10.604999999999997,27.0,15.197000000000003,-3.9139999999999873,49.053000000000004,22.0,6.69100000000001,6.69100000000001,26.0,19.259000000000015,-1.2809999999999775,45.95700000000001,21.0,4.062000000000012,2.6330000000000098,24.0,25.46599999999998,4.300999999999988,58.22199999999998,20.0,6.624999999999972,5.581999999999965,24.0,29.62700000000001,6.966000000000008,39.648000000000025,21.0,4.16100000000003,2.6650000000000205,,,,,,,,,,,,,,,,,,,,,,,,,,,,,,,,,,,,1998-11-25T00:00:00,WE,HOGIE,Abigail,1197024565271804,USA,,HOGIE Abigail,False,0,31,HOGIE A,29,49440000,USA19981125,77,10054388890,,0,,0,19
25,27,2027,HORVAT Spela,25,,61.121,110.728,158.998,217.903,257.031,25,17,Finished,10007478074,,,,,,,,,,,,,0.0,,23.0,8.665,-13.458999999999996,22.0,12.896999999999991,-6.213999999999999,49.60699999999999,25.0,7.244999999999997,7.244999999999997,27.0,19.27199999999999,-1.2680000000000007,48.269999999999996,33.0,6.375,4.945999999999998,26.0,26.161999999999978,4.996999999999986,58.905,23.0,7.307999999999993,6.264999999999986,25.0,29.802999999999997,7.141999999999996,39.128000000000014,18.0,3.6410000000000196,2.1450000000000102,,,,,,,,,,,,,,,,,,,,,,,,,,,,,,,,,,,,1993-03-19T00:00:00,WE,HORVAT,Spela,1197024565271800,SLO,,HORVAT Spela,False,0,27,HORVAT S,25,49320000,SLO19930319,49,10007478074,,0,,0,25
26,24,2024,BEECROFT Danielle,26,,63.806,113.664,160.183,218.639,257.76,22,20,Finished,10008176878,,,,,,,,,,,,,0.0,,29.0,11.349999999999994,-10.774000000000001,28.0,15.832999999999998,-3.2779999999999916,49.858000000000004,26.0,7.496000000000009,7.496000000000009,29.0,20.456999999999994,-0.08299999999999841,46.51899999999999,24.0,4.623999999999995,3.194999999999993,28.0,26.897999999999996,5.733000000000004,58.45600000000002,22.0,6.859000000000009,5.8160000000000025,26.0,30.531999999999982,7.870999999999981,39.12099999999998,17.0,3.633999999999986,2.137999999999977,,,,,,,,,,,,,,,,,,,,,,,,,,,,,,,,,,,,1995-03-29T00:00:00,WE,BEECROFT,Danielle,1197024565271797,AUS,,BEECROFT Danielle,False,0,24,BEECROFT D,22,49230000,AUS19950329,41,10008176878,,0,,0,23
27,17,2017,CHAPPAZ Melanie,27,,60.395,108.776,156.21,218.81,258.598,15,27,Finished,10011008066,,,,,,,,,,,,,0.0,,16.0,7.939,-14.184999999999995,19.0,10.944999999999993,-8.165999999999997,48.38099999999999,20.0,6.018999999999998,6.018999999999998,20.0,16.48400000000001,-4.055999999999983,47.43400000000001,27.0,5.539000000000016,4.110000000000014,29.0,27.06899999999999,5.903999999999996,62.599999999999994,32.0,11.002999999999986,9.95999999999998,27.0,31.370000000000005,8.709000000000003,39.78800000000001,23.0,4.301000000000016,2.805000000000007,,,,,,,,,,,,,,,,,,,,,,,,,,,,,,,,,,,,1999-03-12T00:00:00,WE,CHAPPAZ,Melanie,1197024565271790,FRA,,CHAPPAZ Melanie,False,0,17,CHAPPAZ M,15,49020000,FRA19990312,11,10011008066,HTH,3167,HOPE TECHNOLOGY,0,19
28,18,2018,RONNING Frida Helena,28,,60.265,110.728,156.978,217.484,260.308,16,26,Finished,10008084326,,,,,,,,,,,,,0.0,,14.0,7.8089999999999975,-14.314999999999998,22.0,12.896999999999991,-6.213999999999999,50.462999999999994,30.0,8.100999999999999,8.100999999999999,23.0,17.25200000000001,-3.2879999999999825,46.250000000000014,23.0,4.355000000000018,2.926000000000016,25.0,25.742999999999995,4.578000000000003,60.506,30.0,8.908999999999992,7.8659999999999854,28.0,33.079999999999984,10.418999999999983,42.823999999999984,34.0,7.336999999999989,5.84099999999998,,,,,,,,,,,,,,,,,,,,,,,,,,,,,,,,,,,,1995-07-09T00:00:00,WE,RONNING,Frida Helena,1197024565271791,NOR,NCh,RONNING Frida Helena,False,0,18,RONNING F,16,49050000,NOR19950709,16,10008084326,,0,,16,22
29,20,2020,NOGUEIRA Camila,29,,61.832,113.697,160.889,219.868,260.75,18,24,Finished,10008589635,,,,,,,,,,,,,0.0,,26.0,9.375999999999998,-12.747999999999998,29.0,15.866,-3.2449999999999903,51.865,34.0,9.503000000000007,9.503000000000007,32.0,21.16300000000001,0.6230000000000189,47.19200000000001,26.0,5.297000000000011,3.868000000000009,30.0,28.12699999999998,6.961999999999989,58.978999999999985,24.0,7.381999999999977,6.33899999999997,29.0,33.52199999999999,10.86099999999999,40.882000000000005,31.0,5.39500000000001,3.899000000000001,,,,,,,,,,,,,,,,,,,,,,,,,,,,,,,,,,,,1993-09-29T00:00:00,WE,NOGUEIRA,Camila,1197024565271793,ARG,,NOGUEIRA Camila,False,0,20,NOGUEIRA C,18,49110000,ARG19930929,27,10008589635,,0,,0,24
30,40,2040,BATTOLLA Eva,30,,61.289,111.901,159.616,217.997,263.852,38,4,Finished,10010936631,,,,,,,,,,,,,0.0,,25.0,8.832999999999998,-13.290999999999997,25.0,14.069999999999993,-5.040999999999997,50.611999999999995,31.0,8.25,8.25,28.0,19.890000000000015,-0.6499999999999773,47.71500000000002,30.0,5.820000000000022,4.3910000000000196,27.0,26.256,5.091000000000008,58.381,21.0,6.783999999999992,5.7409999999999854,30.0,36.62399999999997,13.962999999999965,45.85499999999996,36.0,10.367999999999967,8.871999999999957,,,,,,,,,,,,,,,,,,,,,,,,,,,,,,,,,,,,1998-12-05T00:00:00,WE,BATTOLLA,Eva,1197024565271813,SUI,,BATTOLLA Eva,False,0,40,BATTOLLA E,38,49710000,SUI19981205,194,10010936631,,0,,17,19
31,23,2023,WOHLGENSINGER Alexandra,31,,64.878,115.044,160.786,229.211,269.808,21,21,Finished,10010735153,,,,,,,,,,,,,0.0,,31.0,12.421999999999997,-9.701999999999998,30.0,17.212999999999994,-1.8979999999999961,50.166,28.0,7.804000000000002,7.804000000000002,31.0,21.060000000000002,0.5200000000000102,45.742000000000004,19.0,3.8470000000000084,2.4180000000000064,32.0,37.47,16.305000000000007,68.42500000000001,35.0,16.828000000000003,15.784999999999997,31.0,42.579999999999984,19.918999999999983,40.59699999999998,28.0,5.109999999999985,3.613999999999976,,,,,,,,,,,,,,,,,,,,,,,,,,,,,,,,,,,,1984-04-10T00:00:00,WE,WOHLGENSINGER,Alexandra,1197024565271796,SUI,,WOHLGENSINGER Alexandra,False,0,23,WOHLGENSINGE,21,49200000,SUI19840410,40,10010735153,,0,,0,34
32,32,2032,JIRKOVA Simona,32,,70.342,121.297,169.277,229.585,270.264,30,12,Finished,10008193551,,,,,,,,,,,,,0.0,,34.0,17.885999999999996,-4.2379999999999995,34.0,23.465999999999994,4.355000000000004,50.955,33.0,8.593000000000004,8.593000000000004,33.0,29.550999999999988,9.010999999999996,47.97999999999999,31.0,6.084999999999994,4.655999999999992,33.0,37.843999999999994,16.679000000000002,60.30800000000002,29.0,8.711000000000013,7.668000000000006,32.0,43.036,20.375,40.679,30.0,5.192000000000007,3.695999999999998,,,,,,,,,,,,,,,,,,,,,,,,,,,,,,,,,,,,1991-06-01T00:00:00,WE,JIRKOVA,Simona,1197024565271805,CZE,,JIRKOVA Simona,False,0,32,JIRKOVA S,30,49470000,CZE19910601,79,10008193551,,0,,0,27
33,22,2022,RUTZ Lea Salome,33,,60.993,111.249,157.319,228.166,270.638,20,22,Finished,10010012000,,,,,,,,,,,,,0.0,,21.0,8.536999999999999,-13.586999999999996,23.0,13.417999999999992,-5.692999999999998,50.25599999999999,29.0,7.893999999999998,7.893999999999998,24.0,17.59299999999999,-2.9470000000000027,46.06999999999999,22.0,4.174999999999997,2.745999999999995,31.0,36.42499999999998,15.259999999999991,70.84700000000001,36.0,19.25,18.206999999999994,33.0,43.40999999999997,20.748999999999967,42.47199999999998,33.0,6.984999999999985,5.488999999999976,,,,,,,,,,,,,,,,,,,,,,,,,,,,,,,,,,,,1995-01-25T00:00:00,WE,RUTZ,Lea Salome,1197024565271795,SUI,,RUTZ Lea Salome,False,0,22,RUTZ L,20,49170000,SUI19950125,34,10010012000,,0,,0,23
34,28,2028,LESOIN Flora,34,,67.453,119.869,171.076,232.204,274.637,26,16,Finished,10009734134,,,,,,,,,,,,,0.0,,33.0,14.997,-7.126999999999995,33.0,22.037999999999997,2.9270000000000067,52.416,35.0,10.054000000000002,10.054000000000002,35.0,31.349999999999994,10.810000000000002,51.206999999999994,36.0,9.311999999999998,7.882999999999996,34.0,40.462999999999994,19.298000000000002,61.128000000000014,31.0,9.531000000000006,8.488,34.0,47.40899999999999,24.74799999999999,42.43299999999999,32.0,6.945999999999998,5.449999999999989,,,,,,,,,,,,,,,,,,,,,,,,,,,,,,,,,,,,1999-11-17T00:00:00,WE,LESOIN,Flora,1197024565271801,FRA,,LESOIN Flora,False,0,28,LESOIN F,26,49350000,FRA19991117,51,10009734134,,0,,0,18
35,38,2038,TUTT Aston,35,,73.547,123.455,172.01,234.72,275.164,36,6,Finished,10010911975,,,,,,,,,,,,,0.0,,36.0,21.090999999999994,-1.0330000000000013,35.0,25.623999999999995,6.513000000000005,49.908,27.0,7.5460000000000065,7.5460000000000065,36.0,32.28399999999999,11.744,48.55499999999999,34.0,6.659999999999997,5.2309999999999945,35.0,42.978999999999985,21.813999999999993,62.71000000000001,33.0,11.113,10.069999999999993,35.0,47.93599999999998,25.274999999999977,40.44399999999999,27.0,4.956999999999994,3.4609999999999843,,,,,,,,,,,,,,,,,,,,,,,,,,,,,,,,,,,,1998-10-06T00:00:00,WE,TUTT,Aston,1197024565271811,GBR,,TUTT Aston,False,0,38,TUTT A,36,49650000,GBR19981006,144,10010911975,,0,,0,19
36,41,2041,BELL Cairn,36,,66.534,119.427,170.552,235.426,279.601,39,3,Finished,10011212069,,,,,,,,,,,,,0.0,,32.0,14.078000000000003,-8.045999999999992,32.0,21.596000000000004,2.4850000000000136,52.893,36.0,10.531000000000006,10.531000000000006,34.0,30.825999999999993,10.286000000000001,51.124999999999986,35.0,9.22999999999999,7.800999999999988,36.0,43.684999999999974,22.519999999999982,64.874,34.0,13.276999999999987,12.23399999999998,36.0,52.37299999999999,29.71199999999999,44.17500000000001,35.0,8.688000000000017,7.192000000000007,,,,,,,,,,,,,,,,,,,,,,,,,,,,,,,,,,,,1998-03-14T00:00:00,WE,BELL,Cairn,1197024565271814,GBR,N,BELL Cairn,False,0,41,BELL C,39,49740000,GBR19980314,291,10011212069,,0,,0,20
37,35,2035,CHOU Pei Ni,37,,72.629,139.924,194.815,271.857,318.458,33,9,Finished,10003547049,,,,,,,,,,,,,0.0,,35.0,20.173000000000002,-1.9509999999999934,36.0,42.093,22.982000000000014,67.295,38.0,24.933000000000007,24.933000000000007,37.0,55.089,34.54900000000001,54.89099999999999,37.0,12.995999999999995,11.566999999999993,37.0,80.11600000000001,58.95100000000002,77.04200000000003,37.0,25.44500000000002,24.402000000000015,37.0,91.23000000000002,68.56900000000002,46.601,37.0,11.114000000000004,9.617999999999995,,,,,,,,,,,,,,,,,,,,,,,,,,,,,,,,,,,,1984-06-12T00:00:00,WE,CHOU,Pei Ni,1197024565271808,TPE,N,CHOU Pei Ni,False,0,35,CHOU P,33,49560000,TPE19840612,103,10003547049,,0,,0,34
38,39,2039,GREEN Sumayyah,38,,79.947,142.941,201.242,287.19,338.135,37,5,Finished,10016172712,,,,,,,,,,,,,0.0,,38.0,27.491,5.367000000000004,37.0,45.11,25.99900000000001,62.994,37.0,20.632000000000005,20.632000000000005,38.0,61.51599999999999,40.976,58.30099999999999,38.0,16.40599999999999,14.97699999999999,38.0,95.44899999999998,74.28399999999999,85.94800000000001,38.0,34.351,33.30799999999999,38.0,110.90699999999998,88.24599999999998,50.94499999999999,38.0,15.457999999999998,13.961999999999989,,,,,,,,,,,,,,,,,,,,,,,,,,,,,,,,,,,,1999-05-13T00:00:00,WE,GREEN,Sumayyah,1197024565271812,GBR,,GREEN Sumayyah,False,0,39,GREEN S,37,49680000,GBR19990513,182,10016172712,,0,,0,19
39,34,2034,SKALWOLD Ella,40,,,,,,,32,10,DNS,10060355303,,,,,,,,,,,,,0.0,,,,,,,,,,,,,,,,,,,,,,,,,,,,,,,,,,,,,,,,,,,,,,,,,,,,,,,,,,,,,,,,,,,,1985-12-29T00:00:00,WE,SKALWOLD,Ella,1197024565271807,USA,,SKALWOLD Ella,False,0,34,SKALWOLD E,32,49530000,USA19851229,97,10060355303,,0,,0,32
40,42,2042,OLSTAM Linn,41,,,,,,,40,2,DNS,10014062556,,,,,,,,,,,,,0.0,,,,,,,,,,,,,,,,,,,,,,,,,,,,,,,,,,,,,,,,,,,,,,,,,,,,,,,,,,,,,,,,,,,,1996-11-07T00:00:00,WE,OLSTAM,Linn,1197024565271815,SWE,N,OLSTAM Linn,False,0,42,OLSTAM L,40,49770000,SWE19961107,0,10014062556,,0,,0,21
